Workbook

Sheet Daily Data
A1: Booking Date | B1: Zone Code | C1: Tickets Booked | D1: Tickets Cancelled | E1: Passengers Booked | F1: Passengers Cancelled | G1: Earning (INR) | H1: Refund (INR) | I1: Net Earning (INR)
A2: 2025-01-01 | B2: ALL_INDIA | C2: 2139326 | D2: 459479 | E2: 3429466 | F2: 663080 | G2: 2.8170341e+09 | H2: 5.3000884e+08 | I2: 2.2870253e+09
A3: 2025-01-01 | B3: CR | C3: 18181 | D3: 2553 | E3: 39239 | F3: 5162 | G3: 20244382 | H3: 3709385.2 | I3: 16534997
A4: 2025-01-01 | B4: EC | C4: 13058 | D4: 1483 | E4: 25580 | F4: 3384 | G4: 23658359 | H4: 2673355.4 | I4: 20985004
A5: 2025-01-01 | B5: EO | C5: 3653 | D5: 2805 | E5: 11173 | F5: 873 | G5: 8260085.3 | H5: 835360.17 | I5: 7424725.2
A6: 2025-01-01 | B6: ER | C6: 19908 | D6: 1819 | E6: 24416 | F6: 1902 | G6: 19585111 | H6: 3368536.7 | I6: 16216574
A7: 2025-01-01 | B7: INTERNET | C7: 1940576 | D7: 430686 | E7: 3005278 | F7: 617923 | G7: 2.5066699e+09 | H7: 4.8833625e+08 | I7: 2.0183337e+09
A8: 2025-01-01 | B8: KR | C8: 1388 | D8: 350 | E8: 2593 | F8: 433 | G8: 2943593.3 | H8: 135687.19 | I8: 2807906.1
A9: 2025-01-01 | B9: NC | C9: 6401 | D9: 1100 | E9: 13765 | F9: 1533 | G9: 8475487.5 | H9: 1341647.2 | I9: 7133840.3
A10: 2025-01-01 | B10: NE | C10: 8558 | D10: 2681 | E10: 27658 | F10: 2560 | G10: 20953143 | H10: 2823989.6 | I10: 18129154
A11: 2025-01-01 | B11: NF | C11: 9084 | D11: 1661 | E11: 31895 | F11: 2493 | G11: 20957377 | H11: 3154778.6 | I11: 17802598
A12: 2025-01-01 | B12: NR | C12: 26279 | D12: 3961 | E12: 41690 | F12: 4950 | G12: 31389717 | H12: 1443714.1 | I12: 29946003
A13: 2025-01-01 | B13: NW | C13: 7218 | D13: 991 | E13: 16617 | F13: 2073 | G13: 18954700 | H13: 1797131.1 | I13: 17157569
... A6936: 2025-12-31 | B6936: WR | C6936: 29645 | D6936: 2813 | E6936: 66438 | F6936: 8146 | G6936: 47477029 | H6936: 6864895.6 | I6936: 40612134

Sheet Zone Summary
A1: Zone Code | B1: Total Tickets Booked | C1: Total Tickets Cancelled | D1: Total Passengers Booked | E1: Total Passengers Cancelled | F1: Total Earning (INR) | G1: Total Refund (INR) | H1: Total Net Earning (INR)
A2: ALL_INDIA | B2: =SUMIF('Daily Data'!$B$2:$B$6936,A2,'Daily Data'!$C$2:$C$6936) -> 766569372 | C2: =SUMIF('Daily Data'!$B$2:$B$6936,A2,'Daily Data'!$D$2:$D$6936) -> 163480278 | D2: =SUMIF('Daily Data'!$B$2:$B$6936,A2,'Daily Data'!$E$2:$E$6936) -> 1206651516 | E2: =SUMIF('Daily Data'!$B$2:$B$6936,A2,'Daily Data'!$F$2:$F$6936) -> 244376596 | F2: =SUMIF('Daily Data'!$B$2:$B$6936,A2,'Daily Data'!$G$2:$G$6936) -> 9.7294848e+11 | G2: =SUMIF('Daily Data'!$B$2:$B$6936,A2,'Daily Data'!$H$2:$H$6936) -> 1.8624659e+11 | H2: =SUMIF('Daily Data'!$B$2:$B$6936,A2,'Daily Data'!$I$2:$I$6936) -> 7.8670189e+11
A3: CR | B3: =SUMIF('Daily Data'!$B$2:$B$6936,A3,'Daily Data'!$C$2:$C$6936) -> 6741493 | C3: =SUMIF('Daily Data'!$B$2:$B$6936,A3,'Daily Data'!$D$2:$D$6936) -> 1028612 | D3: =SUMIF('Daily Data'!$B$2:$B$6936,A3,'Daily Data'!$E$2:$E$6936) -> 14315875 | E3: =SUMIF('Daily Data'!$B$2:$B$6936,A3,'Daily Data'!$F$2:$F$6936) -> 1754029 | F3: =SUMIF('Daily Data'!$B$2:$B$6936,A3,'Daily Data'!$G$2:$G$6936) -> 7.9669982e+09 | G3: =SUMIF('Daily Data'!$B$2:$B$6936,A3,'Daily Data'!$H$2:$H$6936) -> 1.5921719e+09 | H3: =SUMIF('Daily Data'!$B$2:$B$6936,A3,'Daily Data'!$I$2:$I$6936) -> 6.3748263e+09
A4: EC | B4: =SUMIF('Daily Data'!$B$2:$B$6936,A4,'Daily Data'!$C$2:$C$6936) -> 4783235 | C4: =SUMIF('Daily Data'!$B$2:$B$6936,A4,'Daily Data'!$D$2:$D$6936) -> 587016 | D4: =SUMIF('Daily Data'!$B$2:$B$6936,A4,'Daily Data'!$E$2:$E$6936) -> 9544999 | E4: =SUMIF('Daily Data'!$B$2:$B$6936,A4,'Daily Data'!$F$2:$F$6936) -> 1261504 | F4: =SUMIF('Daily Data'!$B$2:$B$6936,A4,'Daily Data'!$G$2:$G$6936) -> 8.6427853e+09 | G4: =SUMIF('Daily Data'!$B$2:$B$6936,A4,'Daily Data'!$H$2:$H$6936) -> 1.1700903e+09 | H4: =SUMIF('Daily Data'!$B$2:$B$6936,A4,'Daily Data'!$I$2:$I$6936) -> 7.472695e+09
A5: EO | B5: =SUMIF('Daily Data'!$B$2:$B$6936,A5,'Daily Data'!$C$2:$C$6936) -> 1280820 | C5: =SUMIF('Daily Data'!$B$2:$B$6936,A5,'Daily Data'!$D$2:$D$6936) -> 955235 | D5: =SUMIF('Daily Data'!$B$2:$B$6936,A5,'Daily Data'!$E$2:$E$6936) -> 3886232 | E5: =SUMIF('Daily Data'!$B$2:$B$6936,A5,'Daily Data'!$F$2:$F$6936) -> 321968 | F5: =SUMIF('Daily Data'!$B$2:$B$6936,A5,'Daily Data'!$G$2:$G$6936) -> 2.8394059e+09 | G5: =SUMIF('Daily Data'!$B$2:$B$6936,A5,'Daily Data'!$H$2:$H$6936) -> 2.8955424e+08 | H5: =SUMIF('Daily Data'!$B$2:$B$6936,A5,'Daily Data'!$I$2:$I$6936) -> 2.5498517e+09
A6: ER | B6: =SUMIF('Daily Data'!$B$2:$B$6936,A6,'Daily Data'!$C$2:$C$6936) -> 7723937 | C6: =SUMIF('Daily Data'!$B$2:$B$6936,A6,'Daily Data'!$D$2:$D$6936) -> 638044 | D6: =SUMIF('Daily Data'!$B$2:$B$6936,A6,'Daily Data'!$E$2:$E$6936) -> 9183044 | E6: =SUMIF('Daily Data'!$B$2:$B$6936,A6,'Daily Data'!$F$2:$F$6936) -> 790038 | F6: =SUMIF('Daily Data'!$B$2:$B$6936,A6,'Daily Data'!$G$2:$G$6936) -> 7.7073916e+09 | G6: =SUMIF('Daily Data'!$B$2:$B$6936,A6,'Daily Data'!$H$2:$H$6936) -> 1.1859751e+09 | H6: =SUMIF('Daily Data'!$B$2:$B$6936,A6,'Daily Data'!$I$2:$I$6936) -> 6.5214165e+09
A7: INTERNET | B7: =SUMIF('Daily Data'!$B$2:$B$6936,A7,'Daily Data'!$C$2:$C$6936) -> 690926635 | C7: =SUMIF('Daily Data'!$B$2:$B$6936,A7,'Daily Data'!$D$2:$D$6936) -> 152807913 | D7: =SUMIF('Daily Data'!$B$2:$B$6936,A7,'Daily Data'!$E$2:$E$6936) -> 1045695603 | E7: =SUMIF('Daily Data'!$B$2:$B$6936,A7,'Daily Data'!$F$2:$F$6936) -> 227110441 | F7: =SUMIF('Daily Data'!$B$2:$B$6936,A7,'Daily Data'!$G$2:$G$6936) -> 8.5540149e+11 | G7: =SUMIF('Daily Data'!$B$2:$B$6936,A7,'Daily Data'!$H$2:$H$6936) -> 1.7046829e+11 | H7: =SUMIF('Daily Data'!$B$2:$B$6936,A7,'Daily Data'!$I$2:$I$6936) -> 6.849332e+11
A8: KR | B8: =SUMIF('Daily Data'!$B$2:$B$6936,A8,'Daily Data'!$C$2:$C$6936) -> 503082 | C8: =SUMIF('Daily Data'!$B$2:$B$6936,A8,'Daily Data'!$D$2:$D$6936) -> 129273 | D8: =SUMIF('Daily Data'!$B$2:$B$6936,A8,'Daily Data'!$E$2:$E$6936) -> 916656 | E8: =SUMIF('Daily Data'!$B$2:$B$6936,A8,'Daily Data'!$F$2:$F$6936) -> 140213 | F8: =SUMIF('Daily Data'!$B$2:$B$6936,A8,'Daily Data'!$G$2:$G$6936) -> 1.0886425e+09 | G8: =SUMIF('Daily Data'!$B$2:$B$6936,A8,'Daily Data'!$H$2:$H$6936) -> 46457412 | H8: =SUMIF('Daily Data'!$B$2:$B$6936,A8,'Daily Data'!$I$2:$I$6936) -> 1.0421851e+09
A9: NC | B9: =SUMIF('Daily Data'!$B$2:$B$6936,A9,'Daily Data'!$C$2:$C$6936) -> 2540554 | C9: =SUMIF('Daily Data'!$B$2:$B$6936,A9,'Daily Data'!$D$2:$D$6936) -> 381197 | D9: =SUMIF('Daily Data'!$B$2:$B$6936,A9,'Daily Data'!$E$2:$E$6936) -> 5383397 | E9: =SUMIF('Daily Data'!$B$2:$B$6936,A9,'Daily Data'!$F$2:$F$6936) -> 617822 | F9: =SUMIF('Daily Data'!$B$2:$B$6936,A9,'Daily Data'!$G$2:$G$6936) -> 3.4680985e+09 | G9: =SUMIF('Daily Data'!$B$2:$B$6936,A9,'Daily Data'!$H$2:$H$6936) -> 4.4057779e+08 | H9: =SUMIF('Daily Data'!$B$2:$B$6936,A9,'Daily Data'!$I$2:$I$6936) -> 3.0275207e+09
A10: NE | B10: =SUMIF('Daily Data'!$B$2:$B$6936,A10,'Daily Data'!$C$2:$C$6936) -> 3077623 | C10: =SUMIF('Daily Data'!$B$2:$B$6936,A10,'Daily Data'!$D$2:$D$6936) -> 955003 | D10: =SUMIF('Daily Data'!$B$2:$B$6936,A10,'Daily Data'!$E$2:$E$6936) -> 9845751 | E10: =SUMIF('Daily Data'!$B$2:$B$6936,A10,'Daily Data'!$F$2:$F$6936) -> 1029012 | F10: =SUMIF('Daily Data'!$B$2:$B$6936,A10,'Daily Data'!$G$2:$G$6936) -> 7.1144025e+09 | G10: =SUMIF('Daily Data'!$B$2:$B$6936,A10,'Daily Data'!$H$2:$H$6936) -> 1.0458771e+09 | H10: =SUMIF('Daily Data'!$B$2:$B$6936,A10,'Daily Data'!$I$2:$I$6936) -> 6.0685253e+09
A11: NF | B11: =SUMIF('Daily Data'!$B$2:$B$6936,A11,'Daily Data'!$C$2:$C$6936) -> 3339893 | C11: =SUMIF('Daily Data'!$B$2:$B$6936,A11,'Daily Data'!$D$2:$D$6936) -> 620155 | D11: =SUMIF('Daily Data'!$B$2:$B$6936,A11,'Daily Data'!$E$2:$E$6936) -> 11644013 | E11: =SUMIF('Daily Data'!$B$2:$B$6936,A11,'Daily Data'!$F$2:$F$6936) -> 878741 | F11: =SUMIF('Daily Data'!$B$2:$B$6936,A11,'Daily Data'!$G$2:$G$6936) -> 7.6310385e+09 | G11: =SUMIF('Daily Data'!$B$2:$B$6936,A11,'Daily Data'!$H$2:$H$6936) -> 1.1484556e+09 | H11: =SUMIF('Daily Data'!$B$2:$B$6936,A11,'Daily Data'!$I$2:$I$6936) -> 6.4825829e+09
A12: NR | B12: =SUMIF('Daily Data'!$B$2:$B$6936,A12,'Daily Data'!$C$2:$C$6936) -> 10753382 | C12: =SUMIF('Daily Data'!$B$2:$B$6936,A12,'Daily Data'!$D$2:$D$6936) -> 1542304 | D12: =SUMIF('Daily Data'!$B$2:$B$6936,A12,'Daily Data'!$E$2:$E$6936) -> 17736350 | E12: =SUMIF('Daily Data'!$B$2:$B$6936,A12,'Daily Data'!$F$2:$F$6936) -> 2164618 | F12: =SUMIF('Daily Data'!$B$2:$B$6936,A12,'Daily Data'!$G$2:$G$6936) -> 1.2428971e+10 | G12: =SUMIF('Daily Data'!$B$2:$B$6936,A12,'Daily Data'!$H$2:$H$6936) -> 5.7787545e+08 | H12: =SUMIF('Daily Data'!$B$2:$B$6936,A12,'Daily Data'!$I$2:$I$6936) -> 1.1851095e+10
A13: NW | B13: =SUMIF('Daily Data'!$B$2:$B$6936,A13,'Daily Data'!$C$2:$C$6936) -> 2800133 | C13: =SUMIF('Daily Data'!$B$2:$B$6936,A13,'Daily Data'!$D$2:$D$6936) -> 351434 | D13: =SUMIF('Daily Data'!$B$2:$B$6936,A13,'Daily Data'!$E$2:$E$6936) -> 6406419 | E13: =SUMIF('Daily Data'!$B$2:$B$6936,A13,'Daily Data'!$F$2:$F$6936) -> 762108 | F13: =SUMIF('Daily Data'!$B$2:$B$6936,A13,'Daily Data'!$G$2:$G$6936) -> 7.2721028e+09 | G13: =SUMIF('Daily Data'!$B$2:$B$6936,A13,'Daily Data'!$H$2:$H$6936) -> 6.2477627e+08 | H13: =SUMIF('Daily Data'!$B$2:$B$6936,A13,'Daily Data'!$I$2:$I$6936) -> 6.6473266e+09
... A20: WR | B20: =SUMIF('Daily Data'!$B$2:$B$6936,A20,'Daily Data'!$C$2:$C$6936) -> 8127106 | C20: =SUMIF('Daily Data'!$B$2:$B$6936,A20,'Daily Data'!$D$2:$D$6936) -> 766905 | D20: =SUMIF('Daily Data'!$B$2:$B$6936,A20,'Daily Data'!$E$2:$E$6936) -> 18702287 | E20: =SUMIF('Daily Data'!$B$2:$B$6936,A20,'Daily Data'!$F$2:$F$6936) -> 2236698 | F20: =SUMIF('Daily Data'!$B$2:$B$6936,A20,'Daily Data'!$G$2:$G$6936) -> 1.3484712e+10 | G20: =SUMIF('Daily Data'!$B$2:$B$6936,A20,'Daily Data'!$H$2:$H$6936) -> 1.8033446e+09 | H20: =SUMIF('Daily Data'!$B$2:$B$6936,A20,'Daily Data'!$I$2:$I$6936) -> 1.1681368e+10

Sheet Notes
A1: PRS Booking Mock Data - Notes
A3: 1. This dataset is synthetically generated for API/backend testing purposes only.
A4: It is NOT real Indian Railways PRS data.
A5: 2. Base per-zone daily averages were derived from the sample file provided by the user.
A6: 3. Daily values include weekday, monthly-seasonal, and festival-spike multipliers plus
A7: random noise to simulate realistic day-to-day fluctuation.
A8: 4. ALL_INDIA rows are the sum of all 18 zone rows for that date (recomputed daily, not scaled).
A9: 5. Year simulated: 2025 (365 days) x 18 zones + ALL_INDIA = 6,935 rows.
A10: 6. Companion files: CSV, JSON (flat + grouped-by-date), and a MySQL seed .sql script
A11: are provided alongside this workbook with identical data.
